{"stats":{"minecraft:picked_up":{"minecraft:leather":4,"minecraft:wheat_seeds":2,"minecraft:beef":4,"minecraft:oak_log":6,"minecraft:light_gray_wool":1,"minecraft:mutton":1},"minecraft:killed":{"minecraft:sheep":1,"minecraft:cow":3},"minecraft:custom":{"minecraft:time_since_rest":9334,"minecraft:crouch_one_cm":111,"minecraft:play_time":9334,"minecraft:sprint_one_cm":6506,"minecraft:damage_taken":8,"minecraft:walk_one_cm":4666,"minecraft:sneak_time":40,"minecraft:mob_kills":4,"minecraft:jump":98,"minecraft:damage_dealt":400,"minecraft:leave_game":1,"minecraft:time_since_death":9334,"minecraft:total_world_time":9334,"minecraft:fall_one_cm":2357,"minecraft:fly_one_cm":14693},"minecraft:mined":{"minecraft:short_grass":3,"minecraft:allium":1,"minecraft:oak_log":6,"minecraft:tall_grass":3}},"DataVersion":3953}