{"stats":{"minecraft:used":{"minecraft:crafting_table":1,"minecraft:wooden_pickaxe":18},"minecraft:picked_up":{"minecraft:crafting_table":1,"minecraft:oak_log":6,"minecraft:coal":10,"minecraft:cobblestone":7},"minecraft:custom":{"minecraft:time_since_rest":9790,"minecraft:play_time":9790,"minecraft:sprint_one_cm":1688,"minecraft:damage_taken":40,"minecraft:walk_one_cm":12477,"minecraft:jump":22,"minecraft:damage_dealt":18,"minecraft:leave_game":1,"minecraft:time_since_death":9790,"minecraft:total_world_time":9790,"minecraft:fall_one_cm":753,"minecraft:interact_with_crafting_table":1,"minecraft:fly_one_cm":4491},"minecraft:mined":{"minecraft:coal_ore":11,"minecraft:oak_log":6,"minecraft:stone":7,"minecraft:oak_leaves":1,"minecraft:crafting_table":1},"minecraft:crafted":{"minecraft:oak_planks":24,"minecraft:crafting_table":1,"minecraft:stick":4,"minecraft:wooden_pickaxe":1}},"DataVersion":3953}