{"stats":{"minecraft:used":{"minecraft:crafting_table":1,"minecraft:wooden_pickaxe":38},"minecraft:mined":{"minecraft:oak_log":6,"minecraft:coal_ore":31,"minecraft:stone":7,"minecraft:oak_leaves":1,"minecraft:crafting_table":1},"minecraft:custom":{"minecraft:time_since_rest":11115,"minecraft:sprint_one_cm":1688,"minecraft:play_time":11115,"minecraft:damage_taken":40,"minecraft:walk_one_cm":13489,"minecraft:jump":22,"minecraft:damage_dealt":18,"minecraft:leave_game":2,"minecraft:time_since_death":11115,"minecraft:total_world_time":11115,"minecraft:interact_with_crafting_table":1,"minecraft:fall_one_cm":753,"minecraft:fly_one_cm":4491},"minecraft:picked_up":{"minecraft:crafting_table":1,"minecraft:oak_log":6,"minecraft:coal":31,"minecraft:cobblestone":7},"minecraft:crafted":{"minecraft:oak_planks":24,"minecraft:crafting_table":1,"minecraft:stick":4,"minecraft:wooden_pickaxe":1}},"DataVersion":3953}